danceability,energy,key,loudness,mode,speechiness,acousticness,instrumentalness,liveness,valence,tempo,type,id,uri,track_href,analysis_url,duration_ms,time_signature,genre,song_name,Unnamed: 0,title
0.831,0.8140000000000001,2,-7.364,1,0.42,0.0598,0.0134,0.0556,0.389,156.985,audio_features,2Vc6NJ9PW9gD9q343XFRKx,spotify:track:2Vc6NJ9PW9gD9q343XFRKx,https://api.spotify.com/v1/tracks/2Vc6NJ9PW9gD9q343XFRKx,https://api.spotify.com/v1/audio-analysis/2Vc6NJ9PW9gD9q343XFRKx,124539,4,Dark Trap,Mercury: Retrograde,,
0.7190000000000001,0.493,8,-7.23,1,0.0794,0.401,0.0,0.11800000000000001,0.124,115.08,audio_features,7pgJBLVz5VmnL7uGHmRj6p,spotify:track:7pgJBLVz5VmnL7uGHmRj6p,https://api.spotify.com/v1/tracks/7pgJBLVz5VmnL7uGHmRj6p,https://api.spotify.com/v1/audio-analysis/7pgJBLVz5VmnL7uGHmRj6p,224427,4,Dark Trap,Pathology,,
0.85,0.893,5,-4.783,1,0.0623,0.0138,4.14e-06,0.37200000000000005,0.0391,218.05,audio_features,0vSWgAlfpye0WCGeNmuNhy,spotify:track:0vSWgAlfpye0WCGeNmuNhy,https://api.spotify.com/v1/tracks/0vSWgAlfpye0WCGeNmuNhy,https://api.spotify.com/v1/audio-analysis/0vSWgAlfpye0WCGeNmuNhy,98821,4,Dark Trap,Symbiote,,
0.47600000000000003,0.7809999999999999,0,-4.71,1,0.10300000000000001,0.0237,0.0,0.114,0.175,186.94799999999998,audio_features,0VSXnJqQkwuH2ei1nOQ1nu,spotify:track:0VSXnJqQkwuH2ei1nOQ1nu,https://api.spotify.com/v1/tracks/0VSXnJqQkwuH2ei1nOQ1nu,https://api.spotify.com/v1/audio-analysis/0VSXnJqQkwuH2ei1nOQ1nu,123661,3,Dark Trap,ProductOfDrugs (Prod. The Virus and Antidote),,
0.7979999999999999,0.624,2,-7.667999999999999,1,0.293,0.217,0.0,0.166,0.591,147.988,audio_features,4jCeguq9rMTlbMmPHuO7S3,spotify:track:4jCeguq9rMTlbMmPHuO7S3,https://api.spotify.com/v1/tracks/4jCeguq9rMTlbMmPHuO7S3,https://api.spotify.com/v1/audio-analysis/4jCeguq9rMTlbMmPHuO7S3,123298,4,Dark Trap,Venom,,
0.721,0.568,0,-11.295,1,0.414,0.0452,0.212,0.128,0.109,144.915,audio_features,6fsypiJHyWmeINsOLC1cos,spotify:track:6fsypiJHyWmeINsOLC1cos,https://api.spotify.com/v1/tracks/6fsypiJHyWmeINsOLC1cos,https://api.spotify.com/v1/audio-analysis/6fsypiJHyWmeINsOLC1cos,112511,4,Dark Trap,Gatteka,,
0.718,0.6679999999999999,8,-4.162,1,0.13699999999999998,0.0254,0.0078,0.124,0.038,130.826,audio_features,0XfQbq7DaMOmVXgQ71eA6E,spotify:track:0XfQbq7DaMOmVXgQ71eA6E,https://api.spotify.com/v1/tracks/0XfQbq7DaMOmVXgQ71eA6E,https://api.spotify.com/v1/audio-analysis/0XfQbq7DaMOmVXgQ71eA6E,77584,4,Dark Trap,kamikaze (+ pulse),,
0.6940000000000001,0.711,8,-5.525,1,0.221,0.0397,0.0,0.11199999999999999,0.28300000000000003,138.049,audio_features,0LLeuNBWPOg3XA73yab3PT,spotify:track:0LLeuNBWPOg3XA73yab3PT,https://api.spotify.com/v1/tracks/0LLeuNBWPOg3XA73yab3PT,https://api.spotify.com/v1/audio-analysis/0LLeuNBWPOg3XA73yab3PT,127524,3,Dark Trap,T.R.U. (Totally Rotten Underground),,
0.774,0.7509999999999999,1,-2.445,1,0.198,0.0614,0.0,0.0728,0.18899999999999997,219.96,audio_features,37gqBnUAZe8BY8WR56kDNk,spotify:track:37gqBnUAZe8BY8WR56kDNk,https://api.spotify.com/v1/tracks/37gqBnUAZe8BY8WR56kDNk,https://api.spotify.com/v1/audio-analysis/37gqBnUAZe8BY8WR56kDNk,140326,4,Dark Trap,I Put My Dick in Your Mental,,
0.893,0.907,11,-10.405999999999999,1,0.36700000000000005,0.152,0.0311,0.5579999999999999,0.302,199.942,audio_features,2ggqfj97qyiORmXoVFzP5j,spotify:track:2ggqfj97qyiORmXoVFzP5j,https://api.spotify.com/v1/tracks/2ggqfj97qyiORmXoVFzP5j,https://api.spotify.com/v1/audio-analysis/2ggqfj97qyiORmXoVFzP5j,121979,4,Dark Trap,Andromeda,,
0.8640000000000001,0.365,8,-10.219,1,0.0655,0.187,0.0,0.11599999999999999,0.0478,189.938,audio_features,7EL7ifncK2PWFYThJjzR25,spotify:track:7EL7ifncK2PWFYThJjzR25,https://api.spotify.com/v1/tracks/7EL7ifncK2PWFYThJjzR25,https://api.spotify.com/v1/audio-analysis/7EL7ifncK2PWFYThJjzR25,101172,4,Dark Trap,BRAINFOOD,,
0.736,0.932,1,-3.7260000000000004,1,0.271,0.146,0.0025,0.182,0.18,124.514,audio_features,0QiF3l617bIKVrkBqgdMHE,spotify:track:0QiF3l617bIKVrkBqgdMHE,https://api.spotify.com/v1/tracks/0QiF3l617bIKVrkBqgdMHE,https://api.spotify.com/v1/audio-analysis/0QiF3l617bIKVrkBqgdMHE,115775,4,Dark Trap,Troll Under the Bridge,,
0.825,0.7609999999999999,8,-5.388999999999999,1,0.10400000000000001,0.0111,0.00359,0.33399999999999996,0.161,149.97,audio_features,5o7ZDvfOry1MNhNLBOJulo,spotify:track:5o7ZDvfOry1MNhNLBOJulo,https://api.spotify.com/v1/tracks/5o7ZDvfOry1MNhNLBOJulo,https://api.spotify.com/v1/audio-analysis/5o7ZDvfOry1MNhNLBOJulo,163371,4,Dark Trap,1000 Rounds,,
0.767,0.5760000000000001,10,-9.683,0,0.256,0.145,2.61e-06,0.0968,0.187,139.99,audio_features,1umsRbM7L4ju7rn9aU8Ju6,spotify:track:1umsRbM7L4ju7rn9aU8Ju6,https://api.spotify.com/v1/tracks/1umsRbM7L4ju7rn9aU8Ju6,https://api.spotify.com/v1/audio-analysis/1umsRbM7L4ju7rn9aU8Ju6,96062,4,Dark Trap,Sacrifice,,
0.765,0.726,5,-5.58,1,0.191,0.0077,0.0,0.619,0.27,128.014,audio_features,4SKqOHKYU5pgHr5UiVKiQN,spotify:track:4SKqOHKYU5pgHr5UiVKiQN,https://api.spotify.com/v1/tracks/4SKqOHKYU5pgHr5UiVKiQN,https://api.spotify.com/v1/audio-analysis/4SKqOHKYU5pgHr5UiVKiQN,135079,4,Dark Trap,Backpack,,
0.617,0.541,6,-4.113,1,0.78,0.125,0.0,0.369,0.43,159.996,audio_features,4Ag89Y7qSUrpxcgRtSzSam,spotify:track:4Ag89Y7qSUrpxcgRtSzSam,https://api.spotify.com/v1/tracks/4Ag89Y7qSUrpxcgRtSzSam,https://api.spotify.com/v1/audio-analysis/4Ag89Y7qSUrpxcgRtSzSam,107999,4,Dark Trap,D(R)Own,,
0.755,0.298,1,-15.032,1,0.0915,0.154,0.32899999999999996,0.10099999999999999,0.0372,199.958,audio_features,28xkYPSP0P5xu5vT6MQfCy,spotify:track:28xkYPSP0P5xu5vT6MQfCy,https://api.spotify.com/v1/tracks/28xkYPSP0P5xu5vT6MQfCy,https://api.spotify.com/v1/audio-analysis/28xkYPSP0P5xu5vT6MQfCy,123054,4,Dark Trap,"Okay,ButThisIsTheLastTime",,
0.8140000000000001,0.575,11,-9.635,1,0.0635,0.172,0.000291,0.109,0.28800000000000003,120.00399999999999,audio_features,3uE1swbcRp5BrO64UNy6Ex,spotify:track:3uE1swbcRp5BrO64UNy6Ex,https://api.spotify.com/v1/tracks/3uE1swbcRp5BrO64UNy6Ex,https://api.spotify.com/v1/audio-analysis/3uE1swbcRp5BrO64UNy6Ex,192833,4,Dark Trap,TakingOutTheTrash,,
0.812,0.813,10,-5.582999999999999,0,0.0984,0.0987,0.00015,0.0758,0.348,128.066,audio_features,3KJrwOuqiEwHq6QTreZT61,spotify:track:3KJrwOuqiEwHq6QTreZT61,https://api.spotify.com/v1/tracks/3KJrwOuqiEwHq6QTreZT61,https://api.spotify.com/v1/audio-analysis/3KJrwOuqiEwHq6QTreZT61,180880,4,Dark Trap,Io sono qui,,
0.8490000000000001,0.648,7,-6.188,1,0.0832,0.0725,0.00592,0.0984,0.196,212.15,audio_features,4irYeuAi87yyGHcI4h9s0x,spotify:track:4irYeuAi87yyGHcI4h9s0x,https://api.spotify.com/v1/tracks/4irYeuAi87yyGHcI4h9s0x,https://api.spotify.com/v1/audio-analysis/4irYeuAi87yyGHcI4h9s0x,111020,4,Dark Trap,Paris,,
0.602,0.578,0,-5.61,1,0.0283,0.0343,0.0,0.16399999999999998,0.156,114.956,audio_features,4QhUXx4ON40TIBrZIlnIke,spotify:track:4QhUXx4ON40TIBrZIlnIke,https://api.spotify.com/v1/tracks/4QhUXx4ON40TIBrZIlnIke,https://api.spotify.com/v1/audio-analysis/4QhUXx4ON40TIBrZIlnIke,186261,4,Dark Trap,Murder,,
0.8759999999999999,0.768,7,-6.606,1,0.201,0.11199999999999999,1.21e-05,0.28300000000000003,0.72,111.958,audio_features,09320vyX4qHd4GjHIpy5w0,spotify:track:09320vyX4qHd4GjHIpy5w0,https://api.spotify.com/v1/tracks/09320vyX4qHd4GjHIpy5w0,https://api.spotify.com/v1/audio-analysis/09320vyX4qHd4GjHIpy5w0,124676,5,Dark Trap,High 'N Mighty,,
0.777,0.711,0,-3.9019999999999997,1,0.13699999999999998,0.312,0.0,0.205,0.293,139.97299999999998,audio_features,2SZLtfY7dz7NLSxxnvDDis,spotify:track:2SZLtfY7dz7NLSxxnvDDis,https://api.spotify.com/v1/tracks/2SZLtfY7dz7NLSxxnvDDis,https://api.spotify.com/v1/audio-analysis/2SZLtfY7dz7NLSxxnvDDis,153685,4,Dark Trap,Euronymous,,
0.8290000000000001,0.59,9,-7.818,0,0.263,0.0391,0.0107,0.114,0.332,112.97,audio_features,0KRKqIJPX6LT9v1ZQGbfn7,spotify:track:0KRKqIJPX6LT9v1ZQGbfn7,https://api.spotify.com/v1/tracks/0KRKqIJPX6LT9v1ZQGbfn7,https://api.spotify.com/v1/audio-analysis/0KRKqIJPX6LT9v1ZQGbfn7,127128,4,Dark Trap,Hades,,
0.7829999999999999,0.929,11,0.551,0,0.0893,0.2,0.00414,0.6890000000000001,0.152,118.03,audio_features,0jsbEBnXWgHLkvjV49vYVG,spotify:track:0jsbEBnXWgHLkvjV49vYVG,https://api.spotify.com/v1/tracks/0jsbEBnXWgHLkvjV49vYVG,https://api.spotify.com/v1/audio-analysis/0jsbEBnXWgHLkvjV49vYVG,134447,4,Dark Trap,Nails,,
0.787,0.727,1,-7.194,1,0.265,0.000997,0.0017,0.376,0.21,141.52,audio_features,0wxwXyrJYHyGUKlBaCIhgp,spotify:track:0wxwXyrJYHyGUKlBaCIhgp,https://api.spotify.com/v1/tracks/0wxwXyrJYHyGUKlBaCIhgp,https://api.spotify.com/v1/audio-analysis/0wxwXyrJYHyGUKlBaCIhgp,140038,4,Dark Trap,Squeeze,,
0.705,0.648,4,-10.467,0,0.141,0.00476,0.000595,0.373,0.39799999999999996,130.037,audio_features,0vUhboOWxdj97denl4T91p,spotify:track:0vUhboOWxdj97denl4T91p,https://api.spotify.com/v1/tracks/0vUhboOWxdj97denl4T91p,https://api.spotify.com/v1/audio-analysis/0vUhboOWxdj97denl4T91p,155350,4,Dark Trap,No Teeth,,
0.69,0.76,1,-5.431,1,0.0895,0.0525,0.0,0.134,0.0797,125.01299999999999,audio_features,6xEnbXM1us9fDJy2LC0lru,spotify:track:6xEnbXM1us9fDJy2LC0lru,https://api.spotify.com/v1/tracks/6xEnbXM1us9fDJy2LC0lru,https://api.spotify.com/v1/audio-analysis/6xEnbXM1us9fDJy2LC0lru,154929,4,Dark Trap,Bang Ya Fucking Head,,
0.799,0.966,0,-4.586,1,0.366,0.08900000000000001,0.0,0.6579999999999999,0.8640000000000001,139.967,audio_features,4ZOxwKHoHlhIZPzucOUVoY,spotify:track:4ZOxwKHoHlhIZPzucOUVoY,https://api.spotify.com/v1/tracks/4ZOxwKHoHlhIZPzucOUVoY,https://api.spotify.com/v1/audio-analysis/4ZOxwKHoHlhIZPzucOUVoY,137221,4,Dark Trap,BLUE JUICE,,
0.9359999999999999,0.47600000000000003,1,-11.439,1,0.40299999999999997,0.0139,0.0,0.402,0.363,121.979,audio_features,2AoJ1NSLrqfppo6oT5Bqc8,spotify:track:2AoJ1NSLrqfppo6oT5Bqc8,https://api.spotify.com/v1/tracks/2AoJ1NSLrqfppo6oT5Bqc8,https://api.spotify.com/v1/audio-analysis/2AoJ1NSLrqfppo6oT5Bqc8,175543,4,Dark Trap,Loch Ness,,
0.838,0.634,8,-8.076,1,0.0931,0.005370000000000001,0.0,0.111,0.22399999999999998,114.771,audio_features,30Q5BsSJBLb9SGm0BtuJj4,spotify:track:30Q5BsSJBLb9SGm0BtuJj4,https://api.spotify.com/v1/tracks/30Q5BsSJBLb9SGm0BtuJj4,https://api.spotify.com/v1/audio-analysis/30Q5BsSJBLb9SGm0BtuJj4,168202,4,Dark Trap,Hold Uh,,
0.9640000000000001,0.51,1,-7.002999999999999,1,0.242,0.00021400000000000002,6.47e-06,0.0549,0.474,130.028,audio_features,3Xi5SYx5pOqte5tLKHEmPb,spotify:track:3Xi5SYx5pOqte5tLKHEmPb,https://api.spotify.com/v1/tracks/3Xi5SYx5pOqte5tLKHEmPb,https://api.spotify.com/v1/audio-analysis/3Xi5SYx5pOqte5tLKHEmPb,136650,4,Dark Trap,Bone Saw,,
0.83,0.387,10,-12.908,0,0.345,0.0858,0.40700000000000003,0.0926,0.561,120.006,audio_features,2bmSQxuradc103RXzvjTkE,spotify:track:2bmSQxuradc103RXzvjTkE,https://api.spotify.com/v1/tracks/2bmSQxuradc103RXzvjTkE,https://api.spotify.com/v1/audio-analysis/2bmSQxuradc103RXzvjTkE,132193,4,Dark Trap,Coffin Wave,,
0.455,0.525,5,-12.692,0,0.0455,0.136,0.7340000000000001,0.125,0.27899999999999997,119.999,audio_features,2Tu4kHEeIVFn6Re2ybm2lQ,spotify:track:2Tu4kHEeIVFn6Re2ybm2lQ,https://api.spotify.com/v1/tracks/2Tu4kHEeIVFn6Re2ybm2lQ,https://api.spotify.com/v1/audio-analysis/2Tu4kHEeIVFn6Re2ybm2lQ,159974,4,Dark Trap,OhNo!,,
0.748,0.573,9,-9.907,1,0.0543,0.484,2.59e-06,0.0929,0.193,117.962,audio_features,0QVG9r2otIXoWCHyh09SqU,spotify:track:0QVG9r2otIXoWCHyh09SqU,https://api.spotify.com/v1/tracks/0QVG9r2otIXoWCHyh09SqU,https://api.spotify.com/v1/audio-analysis/0QVG9r2otIXoWCHyh09SqU,195875,4,Dark Trap,TheArtOfCremation,,
0.745,0.688,6,-9.263,0,0.10300000000000001,0.264,0.009059999999999999,0.077,0.522,114.99700000000001,audio_features,78w3kPqUAwDjADBY3xAGHl,spotify:track:78w3kPqUAwDjADBY3xAGHl,https://api.spotify.com/v1/tracks/78w3kPqUAwDjADBY3xAGHl,https://api.spotify.com/v1/audio-analysis/78w3kPqUAwDjADBY3xAGHl,107750,5,Dark Trap,OakGroveRoad,,
0.722,0.519,0,-12.870999999999999,1,0.0516,0.0253,0.0114,0.18899999999999997,0.128,199.97400000000002,audio_features,02803el8p3mKqcJzJ3Agpp,spotify:track:02803el8p3mKqcJzJ3Agpp,https://api.spotify.com/v1/tracks/02803el8p3mKqcJzJ3Agpp,https://api.spotify.com/v1/audio-analysis/02803el8p3mKqcJzJ3Agpp,143833,4,Dark Trap,WhatWasThat,,
0.657,0.473,1,-12.050999999999998,1,0.0368,0.23199999999999998,0.026000000000000002,0.10800000000000001,0.153,150.029,audio_features,5Njf3sGQoxQJqcR4gUbttZ,spotify:track:5Njf3sGQoxQJqcR4gUbttZ,https://api.spotify.com/v1/tracks/5Njf3sGQoxQJqcR4gUbttZ,https://api.spotify.com/v1/audio-analysis/5Njf3sGQoxQJqcR4gUbttZ,114500,4,Dark Trap,FunnyToSeeYouHere,,
0.9359999999999999,0.474,1,-9.693999999999999,1,0.39299999999999996,0.0213,0.0,0.111,0.168,129.999,audio_features,7BLFY8GsDyUkaARTv0uwKH,spotify:track:7BLFY8GsDyUkaARTv0uwKH,https://api.spotify.com/v1/tracks/7BLFY8GsDyUkaARTv0uwKH,https://api.spotify.com/v1/audio-analysis/7BLFY8GsDyUkaARTv0uwKH,166910,4,Dark Trap,John Dee,,
0.765,0.62,10,-7.337999999999999,0,0.14,0.0643,0.00018999999999999998,0.16,0.218,219.808,audio_features,2bmjoUqk5ELqted5imBtMd,spotify:track:2bmjoUqk5ELqted5imBtMd,https://api.spotify.com/v1/tracks/2bmjoUqk5ELqted5imBtMd,https://api.spotify.com/v1/audio-analysis/2bmjoUqk5ELqted5imBtMd,131350,4,Dark Trap,Kybalion,,
0.65,0.9520000000000001,11,-2.6860000000000004,1,0.5,0.0912,0.35100000000000003,0.337,0.256,209.998,audio_features,4Uk53I7Lz6bzctGoyNxf8W,spotify:track:4Uk53I7Lz6bzctGoyNxf8W,https://api.spotify.com/v1/tracks/4Uk53I7Lz6bzctGoyNxf8W,https://api.spotify.com/v1/audio-analysis/4Uk53I7Lz6bzctGoyNxf8W,122211,3,Dark Trap,Killer,,
0.386,0.9359999999999999,7,-5.551,1,0.604,0.10099999999999999,0.0019199999999999998,0.381,0.193,190.15,audio_features,7FoW7q7uZGOHlGi9w5mUxN,spotify:track:7FoW7q7uZGOHlGi9w5mUxN,https://api.spotify.com/v1/tracks/7FoW7q7uZGOHlGi9w5mUxN,https://api.spotify.com/v1/audio-analysis/7FoW7q7uZGOHlGi9w5mUxN,197053,4,Dark Trap,608,,
0.563,0.68,0,-5.952999999999999,1,0.39,0.23600000000000002,3.28e-05,0.122,0.0396,180.218,audio_features,6dm3aVYUAfZtdFeLAG6R9F,spotify:track:6dm3aVYUAfZtdFeLAG6R9F,https://api.spotify.com/v1/tracks/6dm3aVYUAfZtdFeLAG6R9F,https://api.spotify.com/v1/audio-analysis/6dm3aVYUAfZtdFeLAG6R9F,110000,3,Dark Trap,Eternal Dreams,,
0.777,0.902,1,-3.915,1,0.349,0.0905,0.0,0.275,0.462,129.985,audio_features,5QArbhcHhpW48U4cK3Joj9,spotify:track:5QArbhcHhpW48U4cK3Joj9,https://api.spotify.com/v1/tracks/5QArbhcHhpW48U4cK3Joj9,https://api.spotify.com/v1/audio-analysis/5QArbhcHhpW48U4cK3Joj9,134844,4,Dark Trap,Nightmare Choir (I Been Asleep Too Long),,
0.607,0.7490000000000001,2,-4.497,1,0.0728,0.006409999999999999,7.659999999999999e-05,0.23399999999999999,0.18,121.829,audio_features,2Bkfvi3pCcwoJwnmd45OnA,spotify:track:2Bkfvi3pCcwoJwnmd45OnA,https://api.spotify.com/v1/tracks/2Bkfvi3pCcwoJwnmd45OnA,https://api.spotify.com/v1/audio-analysis/2Bkfvi3pCcwoJwnmd45OnA,126224,4,Dark Trap,Exodus,,
0.628,0.573,1,-8.161,1,0.0673,0.0036200000000000004,0.0,0.0874,0.0387,115.50299999999999,audio_features,2XLdbJRfl2UHHzIurEFgAA,spotify:track:2XLdbJRfl2UHHzIurEFgAA,https://api.spotify.com/v1/tracks/2XLdbJRfl2UHHzIurEFgAA,https://api.spotify.com/v1/audio-analysis/2XLdbJRfl2UHHzIurEFgAA,132702,3,Dark Trap,Vengeance,,
0.46799999999999997,0.325,1,-8.267000000000001,1,0.245,0.115,0.726,0.109,0.0387,191.18599999999998,audio_features,2Iwf4sAnEgkuxxnJ61du8z,spotify:track:2Iwf4sAnEgkuxxnJ61du8z,https://api.spotify.com/v1/tracks/2Iwf4sAnEgkuxxnJ61du8z,https://api.spotify.com/v1/audio-analysis/2Iwf4sAnEgkuxxnJ61du8z,90645,3,Dark Trap,Claustrophobia,,
0.512,0.44,1,-7.816,1,0.233,0.00386,3.11e-06,0.233,0.132,207.99200000000002,audio_features,04MKRNwoX7TqQkA0ZrtMbC,spotify:track:04MKRNwoX7TqQkA0ZrtMbC,https://api.spotify.com/v1/tracks/04MKRNwoX7TqQkA0ZrtMbC,https://api.spotify.com/v1/audio-analysis/04MKRNwoX7TqQkA0ZrtMbC,86805,1,Dark Trap,Rearranged,,
0.504,0.48,3,-8.885,1,0.045,0.8320000000000001,0.000252,0.10099999999999999,0.878,173.993,audio_features,5DV8yoddFyjLVfRT6pfAht,spotify:track:5DV8yoddFyjLVfRT6pfAht,https://api.spotify.com/v1/tracks/5DV8yoddFyjLVfRT6pfAht,https://api.spotify.com/v1/audio-analysis/5DV8yoddFyjLVfRT6pfAht,176901,4,Dark Trap,Paralax,,
0.608,0.662,1,-8.474,1,0.0338,0.0246,7.85e-06,0.0409,0.0637,117.031,audio_features,1XKlzwkRZmyrz2OjVqNIyl,spotify:track:1XKlzwkRZmyrz2OjVqNIyl,https://api.spotify.com/v1/tracks/1XKlzwkRZmyrz2OjVqNIyl,https://api.spotify.com/v1/audio-analysis/1XKlzwkRZmyrz2OjVqNIyl,98482,4,Dark Trap,Exsanguination,,
0.7829999999999999,0.684,5,-7.435,1,0.0358,0.00873,0.0005480000000000001,0.222,0.17300000000000001,141.037,audio_features,78SOPBLZeBjDQ9NVTePOPE,spotify:track:78SOPBLZeBjDQ9NVTePOPE,https://api.spotify.com/v1/tracks/78SOPBLZeBjDQ9NVTePOPE,https://api.spotify.com/v1/audio-analysis/78SOPBLZeBjDQ9NVTePOPE,117447,4,Dark Trap,Mutiny,,
0.6679999999999999,0.479,10,-7.321000000000001,0,0.0436,0.0612,0.408,0.12,0.102,162.12,audio_features,1NJel5c5LSc9Ac7UAeoJtp,spotify:track:1NJel5c5LSc9Ac7UAeoJtp,https://api.spotify.com/v1/tracks/1NJel5c5LSc9Ac7UAeoJtp,https://api.spotify.com/v1/audio-analysis/1NJel5c5LSc9Ac7UAeoJtp,128888,4,Dark Trap,Centipede,,
0.528,0.617,8,-6.122999999999999,1,0.0657,0.20199999999999999,0.153,0.146,0.0356,119.04700000000001,audio_features,18hIrODUziu3KyUxeDKlcq,spotify:track:18hIrODUziu3KyUxeDKlcq,https://api.spotify.com/v1/tracks/18hIrODUziu3KyUxeDKlcq,https://api.spotify.com/v1/audio-analysis/18hIrODUziu3KyUxeDKlcq,199664,4,Dark Trap,Грустная сука,,
0.7959999999999999,0.7559999999999999,8,-2.244,1,0.0572,0.0059,0.006790000000000001,0.128,0.0292,120.01,audio_features,04xhIz4DiBGDECn7kIFodv,spotify:track:04xhIz4DiBGDECn7kIFodv,https://api.spotify.com/v1/tracks/04xhIz4DiBGDECn7kIFodv,https://api.spotify.com/v1/audio-analysis/04xhIz4DiBGDECn7kIFodv,112000,4,Dark Trap,This World Is Sick,,
0.299,0.381,3,-6.9510000000000005,0,0.038,0.445,0.0023,0.0932,0.0392,136.46200000000002,audio_features,6Q1LtmZPFRGNZbH6VdarBQ,spotify:track:6Q1LtmZPFRGNZbH6VdarBQ,https://api.spotify.com/v1/tracks/6Q1LtmZPFRGNZbH6VdarBQ,https://api.spotify.com/v1/audio-analysis/6Q1LtmZPFRGNZbH6VdarBQ,234000,1,Dark Trap,Пламя,,
0.644,0.64,8,-7.877000000000001,1,0.0688,0.00329,0.0,0.146,0.175,217.888,audio_features,3uvKXKQxcmjPT7letWh3Pf,spotify:track:3uvKXKQxcmjPT7letWh3Pf,https://api.spotify.com/v1/tracks/3uvKXKQxcmjPT7letWh3Pf,https://api.spotify.com/v1/audio-analysis/3uvKXKQxcmjPT7letWh3Pf,125048,3,Dark Trap,2:45,,
0.473,0.843,1,-5.981,1,0.225,0.00345,2.5300000000000002e-05,0.102,0.24,143.29399999999998,audio_features,1K86gziny1mnNIisKBqzhH,spotify:track:1K86gziny1mnNIisKBqzhH,https://api.spotify.com/v1/tracks/1K86gziny1mnNIisKBqzhH,https://api.spotify.com/v1/audio-analysis/1K86gziny1mnNIisKBqzhH,183536,4,Dark Trap,who is he,,
0.47100000000000003,0.618,10,-9.965,0,0.10800000000000001,0.0219,0.006640000000000001,0.16,0.0392,110.337,audio_features,7yvTs8trSYMtNNisA0nT73,spotify:track:7yvTs8trSYMtNNisA0nT73,https://api.spotify.com/v1/tracks/7yvTs8trSYMtNNisA0nT73,https://api.spotify.com/v1/audio-analysis/7yvTs8trSYMtNNisA0nT73,125500,4,Dark Trap,Sleeping,,
0.665,0.446,1,-14.845,1,0.172,0.069,1.88e-05,0.32299999999999995,0.11699999999999999,115.28200000000001,audio_features,3Pk6O7DndRfH1q6UFsCaWm,spotify:track:3Pk6O7DndRfH1q6UFsCaWm,https://api.spotify.com/v1/tracks/3Pk6O7DndRfH1q6UFsCaWm,https://api.spotify.com/v1/audio-analysis/3Pk6O7DndRfH1q6UFsCaWm,156048,4,Dark Trap,Timeless,,
0.812,0.7070000000000001,10,-6.815,0,0.0752,0.23600000000000002,0.0,0.5870000000000001,0.248,219.984,audio_features,5mPUo1HP5K4H6hepYHqbZx,spotify:track:5mPUo1HP5K4H6hepYHqbZx,https://api.spotify.com/v1/tracks/5mPUo1HP5K4H6hepYHqbZx,https://api.spotify.com/v1/audio-analysis/5mPUo1HP5K4H6hepYHqbZx,175203,4,Dark Trap,Pound for Pound,,
0.262,0.897,4,-2.7119999999999997,0,0.39799999999999996,0.0237,0.0,0.11,0.253,199.65099999999998,audio_features,2x7mBK5ozd9hwneRKMVpkD,spotify:track:2x7mBK5ozd9hwneRKMVpkD,https://api.spotify.com/v1/tracks/2x7mBK5ozd9hwneRKMVpkD,https://api.spotify.com/v1/audio-analysis/2x7mBK5ozd9hwneRKMVpkD,153104,4,Dark Trap,Finger Trembling,,
0.5710000000000001,0.865,8,-4.99,1,0.0397,0.0042,0.207,0.0906,0.177,150.017,audio_features,3kBa1eXqkSvfCLmG8VqQ10,spotify:track:3kBa1eXqkSvfCLmG8VqQ10,https://api.spotify.com/v1/tracks/3kBa1eXqkSvfCLmG8VqQ10,https://api.spotify.com/v1/audio-analysis/3kBa1eXqkSvfCLmG8VqQ10,166426,4,Dark Trap,Overload,,
0.753,0.679,5,-7.0920000000000005,0,0.0349,0.324,4.210000000000001e-05,0.423,0.19,211.954,audio_features,5XAPpyIoYF3QXP34Hv8Pvx,spotify:track:5XAPpyIoYF3QXP34Hv8Pvx,https://api.spotify.com/v1/tracks/5XAPpyIoYF3QXP34Hv8Pvx,https://api.spotify.com/v1/audio-analysis/5XAPpyIoYF3QXP34Hv8Pvx,145078,4,Dark Trap,Kill Yourself (Part III),,
0.935,0.429,1,-6.697,1,0.11800000000000001,0.0308,0.0,0.102,0.0769,139.987,audio_features,4yORBk6ZyYsJpnJchyZevc,spotify:track:4yORBk6ZyYsJpnJchyZevc,https://api.spotify.com/v1/tracks/4yORBk6ZyYsJpnJchyZevc,https://api.spotify.com/v1/audio-analysis/4yORBk6ZyYsJpnJchyZevc,123481,4,Dark Trap,2nd Hand,,
0.726,0.634,2,-6.843999999999999,1,0.0792,0.5529999999999999,4.43e-06,0.0916,0.318,211.95,audio_features,3NSgQjYihV40pOmn8AQevz,spotify:track:3NSgQjYihV40pOmn8AQevz,https://api.spotify.com/v1/tracks/3NSgQjYihV40pOmn8AQevz,https://api.spotify.com/v1/audio-analysis/3NSgQjYihV40pOmn8AQevz,126850,5,Dark Trap,Antarctica,,
0.8540000000000001,0.98,1,-1.181,1,0.0569,0.263,0.00053,0.5479999999999999,0.255,220.002,audio_features,3SCVHoGHV7GL0hmqcOIpqh,spotify:track:3SCVHoGHV7GL0hmqcOIpqh,https://api.spotify.com/v1/tracks/3SCVHoGHV7GL0hmqcOIpqh,https://api.spotify.com/v1/audio-analysis/3SCVHoGHV7GL0hmqcOIpqh,122000,4,Dark Trap,Memoirs Of A Gorilla,,
0.526,0.62,8,-7.244,0,0.281,0.067,0.000241,0.139,0.187,112.027,audio_features,70nmZhHZLNVYWP4NON41Zw,spotify:track:70nmZhHZLNVYWP4NON41Zw,https://api.spotify.com/v1/tracks/70nmZhHZLNVYWP4NON41Zw,https://api.spotify.com/v1/audio-analysis/70nmZhHZLNVYWP4NON41Zw,205766,4,Dark Trap,Runnin' Thru The 7th With My Woadies,,
0.84,0.444,3,-10.58,0,0.21100000000000002,0.532,0.000884,0.0623,0.376,131.999,audio_features,4owRIrDAJPqNWGf2SGC3H8,spotify:track:4owRIrDAJPqNWGf2SGC3H8,https://api.spotify.com/v1/tracks/4owRIrDAJPqNWGf2SGC3H8,https://api.spotify.com/v1/audio-analysis/4owRIrDAJPqNWGf2SGC3H8,145636,4,Dark Trap,Mount Sinai,,
0.818,0.5760000000000001,0,-7.587999999999999,0,0.162,0.29,0.0,0.105,0.285,192.378,audio_features,6yK9kwo8cBoVRNOylq0yNc,spotify:track:6yK9kwo8cBoVRNOylq0yNc,https://api.spotify.com/v1/tracks/6yK9kwo8cBoVRNOylq0yNc,https://api.spotify.com/v1/audio-analysis/6yK9kwo8cBoVRNOylq0yNc,150187,3,Dark Trap,FUCKTHEPOPULATION,,
0.8809999999999999,0.903,8,-0.955,1,0.0813,0.267,0.00253,0.109,0.272,119.994,audio_features,3bNCifwGPjqeeqzpjrFG9k,spotify:track:3bNCifwGPjqeeqzpjrFG9k,https://api.spotify.com/v1/tracks/3bNCifwGPjqeeqzpjrFG9k,https://api.spotify.com/v1/audio-analysis/3bNCifwGPjqeeqzpjrFG9k,131500,4,Dark Trap,Magazine,,
0.77,0.623,8,-7.025,0,0.0569,0.0601,0.0,0.11699999999999999,0.0947,134.974,audio_features,599cYawsBthDvauPoXNr7U,spotify:track:599cYawsBthDvauPoXNr7U,https://api.spotify.com/v1/tracks/599cYawsBthDvauPoXNr7U,https://api.spotify.com/v1/audio-analysis/599cYawsBthDvauPoXNr7U,199100,4,Dark Trap,2 Hot 4 U (feat. $Uicdeboy$),,
0.8,0.505,0,-6.54,1,0.115,0.0206,2.05e-05,0.198,0.179,114.97200000000001,audio_features,2I12vOWeJU5ayhr6ha6esf,spotify:track:2I12vOWeJU5ayhr6ha6esf,https://api.spotify.com/v1/tracks/2I12vOWeJU5ayhr6ha6esf,https://api.spotify.com/v1/audio-analysis/2I12vOWeJU5ayhr6ha6esf,128418,4,Dark Trap,O Pana!,,
0.7809999999999999,0.493,1,-7.649,1,0.0522,0.0717,0.586,0.12300000000000001,0.0383,212.02200000000002,audio_features,0kCfKToIFZFQQAaSQHcjRL,spotify:track:0kCfKToIFZFQQAaSQHcjRL,https://api.spotify.com/v1/tracks/0kCfKToIFZFQQAaSQHcjRL,https://api.spotify.com/v1/audio-analysis/0kCfKToIFZFQQAaSQHcjRL,133747,4,Dark Trap,LTE,,
0.8170000000000001,0.9109999999999999,0,-2.153,1,0.0455,0.187,0.00173,0.42,0.34,119.98899999999999,audio_features,4XQDrALwqj4J1YPqg58sDV,spotify:track:4XQDrALwqj4J1YPqg58sDV,https://api.spotify.com/v1/tracks/4XQDrALwqj4J1YPqg58sDV,https://api.spotify.com/v1/audio-analysis/4XQDrALwqj4J1YPqg58sDV,116000,3,Dark Trap,Champion Of Death,,
0.8140000000000001,0.74,10,-5.438,0,0.0947,0.11,2.2800000000000002e-05,0.12,0.191,120.098,audio_features,0AQXOzjEG2ofwGrDyqUY7H,spotify:track:0AQXOzjEG2ofwGrDyqUY7H,https://api.spotify.com/v1/tracks/0AQXOzjEG2ofwGrDyqUY7H,https://api.spotify.com/v1/audio-analysis/0AQXOzjEG2ofwGrDyqUY7H,183937,4,Dark Trap,Seppuku (feat. Suicideboy$ & Jgrxxn),,
0.6779999999999999,0.77,6,-3.2060000000000004,0,0.145,0.125,0.0,0.184,0.284,150.018,audio_features,3cQPyVlnrmmWU5fQJxl0q9,spotify:track:3cQPyVlnrmmWU5fQJxl0q9,https://api.spotify.com/v1/tracks/3cQPyVlnrmmWU5fQJxl0q9,https://api.spotify.com/v1/audio-analysis/3cQPyVlnrmmWU5fQJxl0q9,133903,4,Dark Trap,You're Now Tuning Into 66.6 FM With DJ Rapture (The Hottest Hour Of The Evening),,
0.755,0.7879999999999999,0,-4.572,1,0.21600000000000003,0.0355,0.0,0.311,0.465,140.055,audio_features,2wzpr7E2FkOISAbYQOtPmZ,spotify:track:2wzpr7E2FkOISAbYQOtPmZ,https://api.spotify.com/v1/tracks/2wzpr7E2FkOISAbYQOtPmZ,https://api.spotify.com/v1/audio-analysis/2wzpr7E2FkOISAbYQOtPmZ,137195,4,Dark Trap,Slip On A Banana Clip,,
0.81,0.524,5,-6.705,1,0.0441,0.0444,0.7140000000000001,0.105,0.155,122.016,audio_features,7EnGzsqQi0bAVGQw8i4WIQ,spotify:track:7EnGzsqQi0bAVGQw8i4WIQ,https://api.spotify.com/v1/tracks/7EnGzsqQi0bAVGQw8i4WIQ,https://api.spotify.com/v1/audio-analysis/7EnGzsqQi0bAVGQw8i4WIQ,118236,4,Dark Trap,A Death In The Ocean Would Be Beautiful,,
0.8059999999999999,0.7020000000000001,0,-6.643,1,0.0688,0.27399999999999997,0.138,0.32299999999999995,0.182,211.95,audio_features,3mRBSk7h2Vr0D0yott8VhC,spotify:track:3mRBSk7h2Vr0D0yott8VhC,https://api.spotify.com/v1/tracks/3mRBSk7h2Vr0D0yott8VhC,https://api.spotify.com/v1/audio-analysis/3mRBSk7h2Vr0D0yott8VhC,126874,3,Dark Trap,Shattered Amethyst,,
0.89,0.74,1,-4.303,1,0.223,0.318,1.17e-05,0.244,0.436,130.012,audio_features,7ae2GdeXS5Tvo5RvdNwgaz,spotify:track:7ae2GdeXS5Tvo5RvdNwgaz,https://api.spotify.com/v1/tracks/7ae2GdeXS5Tvo5RvdNwgaz,https://api.spotify.com/v1/audio-analysis/7ae2GdeXS5Tvo5RvdNwgaz,112500,4,Dark Trap,Goosebumps,,
0.909,0.573,5,-6.856,1,0.18100000000000002,0.0332,0.0163,0.657,0.392,144.946,audio_features,7tUXZgLbOCvRJ9FBlairoU,spotify:track:7tUXZgLbOCvRJ9FBlairoU,https://api.spotify.com/v1/tracks/7tUXZgLbOCvRJ9FBlairoU,https://api.spotify.com/v1/audio-analysis/7tUXZgLbOCvRJ9FBlairoU,134271,4,Dark Trap,Venom,,
0.735,0.9329999999999999,1,-2.151,0,0.0788,0.0185,0.0108,0.1,0.11599999999999999,129.988,audio_features,7m1oRKYiZCfuKXRMWGefWR,spotify:track:7m1oRKYiZCfuKXRMWGefWR,https://api.spotify.com/v1/tracks/7m1oRKYiZCfuKXRMWGefWR,https://api.spotify.com/v1/audio-analysis/7m1oRKYiZCfuKXRMWGefWR,281538,4,Dark Trap,Bury Me,,
0.698,0.987,8,-0.7340000000000001,0,0.16699999999999998,0.0226,0.000558,0.34299999999999997,0.266,129.763,audio_features,1AADsJz09BwnKW4yYFQwXU,spotify:track:1AADsJz09BwnKW4yYFQwXU,https://api.spotify.com/v1/tracks/1AADsJz09BwnKW4yYFQwXU,https://api.spotify.com/v1/audio-analysis/1AADsJz09BwnKW4yYFQwXU,92308,4,Dark Trap,Hack Slash,,
0.5770000000000001,0.6920000000000001,11,-5.96,1,0.64,0.37200000000000005,0.0596,0.0989,0.0658,144.702,audio_features,5zjdL4aLh3D3wOKeRkZSL6,spotify:track:5zjdL4aLh3D3wOKeRkZSL6,https://api.spotify.com/v1/tracks/5zjdL4aLh3D3wOKeRkZSL6,https://api.spotify.com/v1/audio-analysis/5zjdL4aLh3D3wOKeRkZSL6,122483,4,Dark Trap,2000 Rounds,,
0.8270000000000001,0.7709999999999999,0,-4.374,1,0.318,0.0456,0.0,0.109,0.545,149.86700000000002,audio_features,1e0HLyx0SlmAhwTm2un9ft,spotify:track:1e0HLyx0SlmAhwTm2un9ft,https://api.spotify.com/v1/tracks/1e0HLyx0SlmAhwTm2un9ft,https://api.spotify.com/v1/audio-analysis/1e0HLyx0SlmAhwTm2un9ft,166452,4,Dark Trap,Sea Sick,,
0.68,0.7070000000000001,2,-5.132999999999999,1,0.127,0.00914,0.006379999999999999,0.09699999999999999,0.228,159.941,audio_features,0SbKWYPENsANEIIgnCK45e,spotify:track:0SbKWYPENsANEIIgnCK45e,https://api.spotify.com/v1/tracks/0SbKWYPENsANEIIgnCK45e,https://api.spotify.com/v1/audio-analysis/0SbKWYPENsANEIIgnCK45e,149804,4,Dark Trap,Grain,,
0.721,0.899,10,-4.07,0,0.057,0.0116,2.51e-05,0.126,0.0385,142.018,audio_features,1k31A67B0r2PDytoPR283x,spotify:track:1k31A67B0r2PDytoPR283x,https://api.spotify.com/v1/tracks/1k31A67B0r2PDytoPR283x,https://api.spotify.com/v1/audio-analysis/1k31A67B0r2PDytoPR283x,141972,4,Dark Trap,"Beware, the Sirens",,
0.777,0.812,8,-5.146,1,0.0447,0.26,0.264,0.185,0.452,139.961,audio_features,7vNYfMAh3bvHGmRxve1YAg,spotify:track:7vNYfMAh3bvHGmRxve1YAg,https://api.spotify.com/v1/tracks/7vNYfMAh3bvHGmRxve1YAg,https://api.spotify.com/v1/audio-analysis/7vNYfMAh3bvHGmRxve1YAg,140613,3,Dark Trap,Kali Yuga,,
0.579,0.813,7,-4.573,1,0.36700000000000005,0.0605,3.5e-05,0.365,0.312,215.218,audio_features,4Ao4XHlqBTKsCil8R6e8fD,spotify:track:4Ao4XHlqBTKsCil8R6e8fD,https://api.spotify.com/v1/tracks/4Ao4XHlqBTKsCil8R6e8fD,https://api.spotify.com/v1/audio-analysis/4Ao4XHlqBTKsCil8R6e8fD,135822,4,Dark Trap,Hexada,,
0.86,0.524,11,-4.698,1,0.0729,0.578,0.96,0.0993,0.142,114.946,audio_features,6rF4PCqJq0p4MAWgecwfIl,spotify:track:6rF4PCqJq0p4MAWgecwfIl,https://api.spotify.com/v1/tracks/6rF4PCqJq0p4MAWgecwfIl,https://api.spotify.com/v1/audio-analysis/6rF4PCqJq0p4MAWgecwfIl,148939,4,Dark Trap,Caligula,,
0.425,0.508,8,-10.01,1,0.13,0.0639,0.18100000000000002,0.244,0.0679,130.83700000000002,audio_features,0K1fOHUHEsv1lnq2yU1VG5,spotify:track:0K1fOHUHEsv1lnq2yU1VG5,https://api.spotify.com/v1/tracks/0K1fOHUHEsv1lnq2yU1VG5,https://api.spotify.com/v1/audio-analysis/0K1fOHUHEsv1lnq2yU1VG5,142232,4,Dark Trap,Niagara (feat. Lil Peep),,
0.494,0.695,1,-10.565999999999999,1,0.7509999999999999,0.00421,0.0158,0.223,0.0722,155.01,audio_features,5dBP9gDiDlsXiitxvB4HGb,spotify:track:5dBP9gDiDlsXiitxvB4HGb,https://api.spotify.com/v1/tracks/5dBP9gDiDlsXiitxvB4HGb,https://api.spotify.com/v1/audio-analysis/5dBP9gDiDlsXiitxvB4HGb,197077,4,Dark Trap,Scrying Through Shattered Glass,,
0.649,0.772,11,-5.332000000000001,0,0.133,0.7170000000000001,0.00305,0.10300000000000001,0.0294,219.946,audio_features,0kHEr6iF9m7mrkTjv9pbZ6,spotify:track:0kHEr6iF9m7mrkTjv9pbZ6,https://api.spotify.com/v1/tracks/0kHEr6iF9m7mrkTjv9pbZ6,https://api.spotify.com/v1/audio-analysis/0kHEr6iF9m7mrkTjv9pbZ6,219749,4,Dark Trap,Polaris,,
0.8140000000000001,0.758,0,-6.5120000000000005,1,0.384,0.185,0.091,0.204,0.82,159.94,audio_features,5twSsmNWVzQ5VNA6GzwtHn,spotify:track:5twSsmNWVzQ5VNA6GzwtHn,https://api.spotify.com/v1/tracks/5twSsmNWVzQ5VNA6GzwtHn,https://api.spotify.com/v1/audio-analysis/5twSsmNWVzQ5VNA6GzwtHn,131590,4,Dark Trap,Rapture,,
0.37,0.856,7,-5.489,1,0.401,0.40299999999999997,0.00967,0.18,0.0755,158.764,audio_features,7lnCmYYscC0mijoPe3Blx8,spotify:track:7lnCmYYscC0mijoPe3Blx8,https://api.spotify.com/v1/tracks/7lnCmYYscC0mijoPe3Blx8,https://api.spotify.com/v1/audio-analysis/7lnCmYYscC0mijoPe3Blx8,236301,5,Dark Trap,Blackmage,,
0.888,0.9059999999999999,1,-4.0280000000000005,1,0.365,0.221,0.00047400000000000003,0.266,0.47700000000000004,125.03299999999999,audio_features,4Qwnjgav8p1B2F1EgcMQRW,spotify:track:4Qwnjgav8p1B2F1EgcMQRW,https://api.spotify.com/v1/tracks/4Qwnjgav8p1B2F1EgcMQRW,https://api.spotify.com/v1/audio-analysis/4Qwnjgav8p1B2F1EgcMQRW,137822,4,Dark Trap,Tartarus,,
0.816,0.62,11,-7.803999999999999,1,0.51,0.255,1.09e-05,0.251,0.265,144.981,audio_features,73IDzojzHitmvwVovPG7V2,spotify:track:73IDzojzHitmvwVovPG7V2,https://api.spotify.com/v1/tracks/73IDzojzHitmvwVovPG7V2,https://api.spotify.com/v1/audio-analysis/73IDzojzHitmvwVovPG7V2,184733,3,Dark Trap,Until the Light Takes Us,,
0.713,0.8390000000000001,4,-6.377000000000001,0,0.349,0.00417,0.706,0.106,0.0369,150.004,audio_features,0FP2R9giDksk3a1GUQLfOz,spotify:track:0FP2R9giDksk3a1GUQLfOz,https://api.spotify.com/v1/tracks/0FP2R9giDksk3a1GUQLfOz,https://api.spotify.com/v1/audio-analysis/0FP2R9giDksk3a1GUQLfOz,149230,4,Dark Trap,As Above so Look out Below,,
0.449,0.645,4,-4.784,0,0.0366,0.009559999999999999,0.008459999999999999,0.107,0.0589,219.692,audio_features,1PeIKwD4ifLR2jYWCsUgnX,spotify:track:1PeIKwD4ifLR2jYWCsUgnX,https://api.spotify.com/v1/tracks/1PeIKwD4ifLR2jYWCsUgnX,https://api.spotify.com/v1/audio-analysis/1PeIKwD4ifLR2jYWCsUgnX,207442,4,Dark Trap,Swan,,
